Pattern,Status,Details
5554690000,Success,Added successfully
5554690001,Success,Added successfully
5554690002,Success,Added successfully
5554690003,Success,Added successfully
5554690004,Success,Added successfully
5554690005,Success,Added successfully
5554690006,Success,Added successfully
5554690007,Success,Added successfully
5554690008,Success,Added successfully
5554690009,Success,Added successfully
5554690010,Success,Added successfully
5554690011,Success,Added successfully
5554690012,Success,Added successfully
5554690013,Success,Added successfully
5554690014,Success,Added successfully
5554690015,Success,Added successfully
5554690016,Success,Added successfully
5554690017,Success,Added successfully
5554690018,Success,Added successfully
5554690019,Success,Added successfully
5554690020,Success,Added successfully
5554690021,Success,Added successfully
5554690022,Success,Added successfully
5554690023,Success,Added successfully
5554690024,Success,Added successfully
5554690025,Success,Added successfully
5554690026,Success,Added successfully
5554690027,Success,Added successfully
5554690028,Success,Added successfully
5554690029,Success,Added successfully
5554690030,Success,Added successfully
5554690031,Success,Added successfully
