Line Group Name,Extension,Route Partition
LAS1UCN-Voicemail,2658000,System_Voicemail_PT
LAS1UCN-Voicemail,2658001,System_Voicemail_PT
LAS1UCN-Voicemail,2658002,System_Voicemail_PT
LAS1UCN-Voicemail,2658003,System_Voicemail_PT
LAS1UCN-Voicemail,2658004,System_Voicemail_PT
LAS1UCN-Voicemail,2658005,System_Voicemail_PT
LAS1UCN-Voicemail,2658006,System_Voicemail_PT
LAS1UCN-Voicemail,2658007,System_Voicemail_PT
LAS1UCN-Voicemail,2658008,System_Voicemail_PT
LAS1UCN-Voicemail,2658009,System_Voicemail_PT
LAS1UCN-Voicemail,2658010,System_Voicemail_PT
LAS1UCN-Voicemail,2658011,System_Voicemail_PT
LAS1UCN-Voicemail,2658012,System_Voicemail_PT
LAS1UCN-Voicemail,2658013,System_Voicemail_PT
LAS1UCN-Voicemail,2658014,System_Voicemail_PT
LAS1UCN-Voicemail,2658015,System_Voicemail_PT
LAS1UCN-Voicemail,2658016,System_Voicemail_PT
LAS1UCN-Voicemail,2658017,System_Voicemail_PT
LAS1UCN-Voicemail,2658018,System_Voicemail_PT
LAS1UCN-Voicemail,2658019,System_Voicemail_PT
LAS1UCN-Voicemail,2658020,System_Voicemail_PT
LAS1UCN-Voicemail,2658021,System_Voicemail_PT
LAS1UCN-Voicemail,2658022,System_Voicemail_PT
LAS1UCN-Voicemail,2658023,System_Voicemail_PT
LAS1UCN-Voicemail,2658024,System_Voicemail_PT
LAS1UCN-Voicemail,2658025,System_Voicemail_PT
LAS1UCN-Voicemail,2658026,System_Voicemail_PT
LAS1UCN-Voicemail,2658027,System_Voicemail_PT
LAS1UCN-Voicemail,2658028,System_Voicemail_PT
LAS1UCN-Voicemail,2658029,System_Voicemail_PT
LAS1UCN-Voicemail,2658030,System_Voicemail_PT
LAS1UCN-Voicemail,2658031,System_Voicemail_PT
LAS1UCN-Voicemail,2658032,System_Voicemail_PT
LAS1UCN-Voicemail,2658033,System_Voicemail_PT
LAS1UCN-Voicemail,2658034,System_Voicemail_PT
LAS1UCN-Voicemail,2658035,System_Voicemail_PT
LAS1UCN-Voicemail,2658036,System_Voicemail_PT
LAS1UCN-Voicemail,2658037,System_Voicemail_PT
LAS1UCN-Voicemail,2658038,System_Voicemail_PT
LAS1UCN-Voicemail,2658039,System_Voicemail_PT
LAS1UCN-Voicemail,2658040,System_Voicemail_PT
LAS1UCN-Voicemail,2658041,System_Voicemail_PT
LAS1UCN-Voicemail,2658042,System_Voicemail_PT
LAS1UCN-Voicemail,2658043,System_Voicemail_PT
LAS1UCN-Voicemail,2658044,System_Voicemail_PT
LAS1UCN-Voicemail,2658045,System_Voicemail_PT
LAS1UCN-Voicemail,2658046,System_Voicemail_PT
LAS1UCN-Voicemail,2658047,System_Voicemail_PT
LAS1UCN-Voicemail,2658048,System_Voicemail_PT
LAS1UCN-Voicemail,2658049,System_Voicemail_PT
LAS2UCN-Voicemail,2658050,System_Voicemail_PT
LAS2UCN-Voicemail,2658051,System_Voicemail_PT
LAS2UCN-Voicemail,2658052,System_Voicemail_PT
LAS2UCN-Voicemail,2658053,System_Voicemail_PT
LAS2UCN-Voicemail,2658054,System_Voicemail_PT
LAS2UCN-Voicemail,2658055,System_Voicemail_PT
LAS2UCN-Voicemail,2658056,System_Voicemail_PT
LAS2UCN-Voicemail,2658057,System_Voicemail_PT
LAS2UCN-Voicemail,2658058,System_Voicemail_PT
LAS2UCN-Voicemail,2658059,System_Voicemail_PT
LAS2UCN-Voicemail,2658060,System_Voicemail_PT
LAS2UCN-Voicemail,2658061,System_Voicemail_PT
LAS2UCN-Voicemail,2658062,System_Voicemail_PT
LAS2UCN-Voicemail,2658063,System_Voicemail_PT
LAS2UCN-Voicemail,2658064,System_Voicemail_PT
LAS2UCN-Voicemail,2658065,System_Voicemail_PT
LAS2UCN-Voicemail,2658066,System_Voicemail_PT
LAS2UCN-Voicemail,2658067,System_Voicemail_PT
LAS2UCN-Voicemail,2658068,System_Voicemail_PT
LAS2UCN-Voicemail,2658069,System_Voicemail_PT
LAS2UCN-Voicemail,2658070,System_Voicemail_PT
LAS2UCN-Voicemail,2658071,System_Voicemail_PT
LAS2UCN-Voicemail,2658072,System_Voicemail_PT
LAS2UCN-Voicemail,2658073,System_Voicemail_PT
LAS2UCN-Voicemail,2658074,System_Voicemail_PT
LAS2UCN-Voicemail,2658075,System_Voicemail_PT
LAS2UCN-Voicemail,2658076,System_Voicemail_PT
LAS2UCN-Voicemail,2658077,System_Voicemail_PT
LAS2UCN-Voicemail,2658078,System_Voicemail_PT
LAS2UCN-Voicemail,2658079,System_Voicemail_PT
LAS2UCN-Voicemail,2658080,System_Voicemail_PT
LAS2UCN-Voicemail,2658081,System_Voicemail_PT
LAS2UCN-Voicemail,2658082,System_Voicemail_PT
LAS2UCN-Voicemail,2658083,System_Voicemail_PT
LAS2UCN-Voicemail,2658084,System_Voicemail_PT
LAS2UCN-Voicemail,2658085,System_Voicemail_PT
LAS2UCN-Voicemail,2658086,System_Voicemail_PT
LAS2UCN-Voicemail,2658087,System_Voicemail_PT
LAS2UCN-Voicemail,2658088,System_Voicemail_PT
LAS2UCN-Voicemail,2658089,System_Voicemail_PT
LAS2UCN-Voicemail,2658090,System_Voicemail_PT
LAS2UCN-Voicemail,2658091,System_Voicemail_PT
LAS2UCN-Voicemail,2658092,System_Voicemail_PT
LAS2UCN-Voicemail,2658093,System_Voicemail_PT
LAS2UCN-Voicemail,2658094,System_Voicemail_PT
LAS2UCN-Voicemail,2658095,System_Voicemail_PT
LAS2UCN-Voicemail,2658096,System_Voicemail_PT
LAS2UCN-Voicemail,2658097,System_Voicemail_PT
LAS2UCN-Voicemail,2658098,System_Voicemail_PT
LAS2UCN-Voicemail,2658099,System_Voicemail_PT
LAB_Stanford_TestFlow_LG,2305000,ENT_DEVICE_PT
LAB_Stanford_TestFlow_LG,2305001,ENT_DEVICE_PT
LAB_Stanford_TestFlow_LG,8583147405,ENT_DEVICE_PT
